plot,lidar,Total return count,Return 1 count,Return 2 count,Return 3 count,Return 4 count,Return 5 count,Return 6 count,Return 7 count,Return 8 count,Return 9 count,Other return count,Elev minimum,Elev maximum,Elev mean,Elev mode,Elev stddev,Elev variance,Elev CV,Elev IQ,Elev skewness,Elev kurtosis,Elev AAD,Elev MAD median,Elev MAD mode,Elev L1,Elev L2,Elev L3,Elev L4,Elev L CV,Elev L skewness,Elev L kurtosis,Elev P01,Elev P05,Elev P10,Elev P20,Elev P25,Elev P30,Elev P40,Elev P50,Elev P60,Elev P70,Elev P75,Elev P80,Elev P90,Elev P95,Elev P99,Canopy relief ratio,Elev SQRT mean SQ,Elev CURT mean CUBE,Int minimum,Int maximum,Int mean,Int mode,Int stddev,Int variance,Int CV,Int IQ,Int skewness,Int kurtosis,Int AAD,Int L1,Int L2,Int L3,Int L4,Int L CV,Int L skewness,Int L kurtosis,Int P01,Int P05,Int P10,Int P20,Int P25,Int P30,Int P40,Int P50,Int P60,Int P70,Int P75,Int P80,Int P90,Int P95,Int P99,Percentage first returns above 20.00,Percentage all returns above 20.00,(All returns above 20.00) / (Total first returns) * 100,First returns above 20.00,All returns above 20.00,Percentage first returns above mean,Percentage first returns above mode,Percentage all returns above mean,Percentage all returns above mode,(All returns above mean) / (Total first returns) * 100,(All returns above mode) / (Total first returns) * 100,First returns above mean,First returns above mode,All returns above mean,All returns above mode,Total first returns,Total all returns,Profile area
K1,2012,13737,9416,4321,0,0,0,0,0,0,0,0,-0.37,28.629999,14.834332,20.804603,6.999166,48.988321,0.471822,10.620001,-0.629514,2.309448,5.859584,4.559999,4.354602,14.834332,3.927993,-0.678066,0.208821,0.264791,-0.172624,0.053162,-0.06,0.75,3.82,7.48,9.82,11.8,14.69,16.620001,18.335997,19.77,20.440001,21.08,22.549999,23.700001,25.08919,0.524287,16.402505,17.356418,0,220,83.547863,6.984127,51.515802,2653.877896,0.616602,91,0.077982,1.87158,44.603367,83.547863,29.637374,0.576813,0.023393,0.354735,0.019462,0.000789,4,9,13,25,34,45,67,87,103,117,125,133,152,165,186,39.262957,28.237606,41.195837,3697,3879,72.727273,31.435854,59.226905,22.246488,86.406117,32.455395,6848,2960,8136,3056,9416,13737,58.098672
M2,2012,18086,12178,5908,0,0,0,0,0,0,0,0,-0.57,27.75,16.172338,20.108095,6.601544,43.580387,0.4082,7.740001,-1.019089,3.243201,5.204611,3.43,3.011906,16.172338,3.564261,-0.863438,0.479998,0.220392,-0.242249,0.13467,-0.1,0.43,5.47,11.07,13.04,14.68,16.860001,18.01,19.200001,20.25,20.780001,21.5,22.74,24.047501,25.719999,0.591184,17.467756,18.222426,0,260,81.261031,8.253968,51.686377,2671.481597,0.636054,94,0.092714,1.882202,45.223595,81.261031,29.657615,0.601888,-0.37645,0.364967,0.020295,-0.012693,4,8,12,22,30,40,63,85,103,117,124,131,148,160,186,45.762851,32.433927,48.168829,5573,5866,81.351618,44.325833,63.778613,31.355745,94.719987,46.567581,9907,5398,11535,5671,12178,18086,61.865495
M3,2012,13019,9425,3594,0,0,0,0,0,0,0,0,-0.71,27.01,14.785828,-0.27,7.105206,50.483951,0.480542,10.6,-0.651768,2.302418,5.924147,4.33,17.09,14.785828,3.971867,-0.711585,0.240177,0.268627,-0.179156,0.06047,-0.12,0.81,3.12,7.31,9.68,11.943998,14.98,16.82,18.17,19.6,20.280001,20.969999,22.59,23.85,25.4,0.559013,16.404291,17.366751,1,300,105.58069,10.492063,63.670877,4053.980641,0.603054,110,0.025312,1.963602,54.414236,105.58069,36.578133,0.004727,0.505163,0.346447,0.000129,0.013811,5,10,16,32,45,62,90,111,129,146,155,166,189,200,240,35.798408,27.068131,37.38992,3374,3524,74.153846,99.96817,61.003149,99.754205,84.265252,137.793103,6989,9422,7942,12987,9425,13019,57.207709
M4,2012,14069,9090,4979,0,0,0,0,0,0,0,0,-0.4,34.09,19.638902,22.593333,7.434901,55.277751,0.37858,8.73,-0.783255,3.387712,5.74342,4.190001,4.116666,19.638902,4.086631,-0.630589,0.644052,0.208089,-0.154305,0.1576,-0.06,3.524,8.988,14.37,15.88,17.24,19.23,20.9,22.4,23.790001,24.610001,25.42,28.24,30.24,32.720001,0.581006,20.999054,21.903932,0,360,103.54318,11.428571,71.008655,5042.229103,0.685788,131,0.221989,1.911137,62.073246,103.54318,40.665131,2.456845,-0.789466,0.392736,0.060416,-0.019414,4,8,13,24,33,44,74,103,128,152,164,177,200,220,260,69.020902,55.441041,85.808581,6274,7800,71.254125,50.110011,57.530741,38.687895,89.042904,59.878988,6477,4555,8094,5443,9090,14069,59.005731
N1,2012,13955,9225,4730,0,0,0,0,0,0,0,0,-0.63,30.66,16.636262,20.726667,7.519736,56.546432,0.452009,9.43,-0.67163,2.619514,6.067239,4.400001,4.316667,16.636262,4.189995,-0.693029,0.438656,0.251859,-0.165401,0.104691,-0.0746,1.27,3.974,10.03,12.49,14.16,16.49,18.450001,19.84,21.16,21.92,22.932003,25.190001,26.76,29.07,0.551814,18.256713,19.256653,1,300,90.781154,10.492063,59.114048,3494.470664,0.651171,106,0.16802,1.877335,51.456838,90.781154,33.956146,1.577719,-0.337461,0.374044,0.046463,-0.009938,5,9,14,25,33,43,68,92,112,130,139,149,172,186,202,53.214092,38.810462,58.710027,4909,5416,75.902439,46.211382,59.340738,33.371551,89.766938,50.482385,7002,4263,8281,4657,9225,13955,56.217688
N2,2012,13978,9342,4636,0,0,0,0,0,0,0,0,-0.55,30.51,16.289594,17.198572,6.934691,48.089935,0.425713,8.639999,-0.653966,2.876867,5.458436,4.275,4.268571,16.289594,3.864814,-0.548917,0.487834,0.237257,-0.142029,0.126224,-0.08,1.17,5.68,10.88,12.66,13.94,15.91,17.325001,18.75,20.339005,21.299999,22.24,24.392998,26.049999,28.152304,0.542163,17.704162,18.618721,0,260,83.858993,8.253968,53.685895,2882.175365,0.640192,93,0.164345,1.971986,46.356464,83.858993,30.800878,1.231893,0.190225,0.367294,0.039995,0.006176,4,8,13,24,32,42,65,87,104,118,125,133,155,172,200,42.592593,32.143368,48.094626,3979,4493,71.708414,64.076215,57.740735,50.915725,86.394776,76.18283,6699,5986,8071,7117,9342,13978,56.842206
N3,2012,13714,8966,4748,0,0,0,0,0,0,0,0,-0.45,35.43,19.655384,20.052857,7.009812,49.137464,0.356636,8.6075,-0.922808,3.527131,5.444672,4.184999,4.39,19.655384,3.831601,-0.715948,0.546785,0.194939,-0.186854,0.142704,0.01,4.65,9.53,14.726001,16.139999,17.35,19.452002,20.915001,22.4,23.930996,24.747499,25.540001,27.34,28.5,30.812206,0.560351,20.86787,21.667833,0,340,90.624617,10.793651,59.823756,3578.881757,0.660127,105,0.230148,1.975526,51.659799,90.624617,34.320146,2.095966,0.013126,0.378707,0.061071,0.000382,4,9,13,24,33,44,68,90,110,128,138,148,175,191,220,73.187598,56.934519,87.084542,6562,7808,75.496319,72.808387,59.056439,56.606388,90.330136,86.582646,6769,6528,8099,7763,8966,13714,62.74861
N4,2012,14104,9228,4876,0,0,0,0,0,0,0,0,-0.47,35.389999,17.616714,22.298254,7.212343,52.017885,0.409403,9.752501,-0.732869,2.880374,5.817634,4.289999,4.088254,17.616714,4.002876,-0.701582,0.43727,0.22722,-0.175269,0.109239,-0.06,2.3215,6.78,11.39,13.157499,14.99,17.422003,19.309999,20.809999,22.299999,22.91,23.58,25.41,26.838497,29.620001,0.50437,19.03583,19.950999,1,340,93.331608,11.761905,62.664008,3926.777854,0.671412,110,0.250212,1.903357,54.165479,93.331608,35.953797,2.572629,-0.272848,0.385226,0.071554,-0.007589,4,9,13,25,33,43,68,92,111,132,143,157,182,200,220,60.283919,45.497731,69.538362,5563,6417,74.642393,42.241006,58.969087,30.076574,90.127872,45.968791,6888,3898,8317,4242,9228,14104,58.446792
J1,2012,40670,30529,10141,0,0,0,0,0,0,0,0,-0.42,33.68,18.278728,21.772064,6.923619,47.936501,0.37878,8.98,-0.419422,2.916099,5.561371,4.29,4.447936,18.278728,3.885383,-0.35836,0.485697,0.212563,-0.092233,0.125006,0.02,5.59,8.88,12.22,13.8,15.08,17.365997,19.41,20.98,22.200001,22.780001,23.67,26.280001,29.365509,32.209999,0.54835,19.546028,20.485234,0,74,27.772092,32.888889,15.101633,228.059321,0.54377,24,0.065155,2.170211,12.626108,27.772092,8.661533,0.04722,0.4349,0.311879,0.005452,0.050211,2,4,6,12,15,19,24,29,33,37,39,41,48,52,61,56.310393,46.727317,62.249009,17191,19004,65.947132,40.692456,55.625768,33.678387,74.103312,44.865538,20133,12423,22623,13697,30529,40670,55.748897
J2,2012,13909,9714,4195,0,0,0,0,0,0,0,0,-0.35,32.959999,18.84081,22.385396,6.37133,40.59384,0.338166,7.58,-0.727113,3.431429,4.951072,3.560001,3.765395,18.84081,3.506423,-0.511127,0.554071,0.186108,-0.145769,0.158016,0.93,5.68,9.938001,14.1,15.43,16.573999,18.48,20.059999,21.200001,22.49,23.01,23.654003,25.799999,28,31,0.576128,19.888868,20.64113,0,73,24.176936,6.952381,14.114964,199.232209,0.583819,24,0.222045,2.178918,11.969166,24.176936,8.089116,0.371034,0.259583,0.33458,0.045868,0.03209,2,4,5,9,11,14,20,24,29,33,35,37,43,48,56,65.132798,50.427781,72.205065,6327,7014,72.843319,40.889438,57.660508,30.778633,82.561252,44.070414,7076,3972,8020,4281,9714,13909,59.764555
J3,2012,53550,38908,14642,0,0,0,0,0,0,0,0,-1.16,35.900002,19.658428,21.781906,7.87563,62.025551,0.400624,10.33,-0.531505,2.851865,6.316313,5.099999,5.121906,19.658428,4.420324,-0.50321,0.526272,0.224856,-0.11384,0.119057,-0.0151,4.14,8.33,13.13,14.84,16.1,18.809999,20.889999,22.559999,24.26,25.17,26.360001,28.799999,31.41,34.260235,0.561749,21.177303,22.23666,0,77,26.004295,4.888889,14.911791,222.36152,0.573436,24,0.096121,2.072045,12.669117,26.004295,8.564964,0.133075,0.25116,0.329367,0.015537,0.029324,2,3,5,10,13,16,22,27,31,35,37,40,46,50,58,67.39488,54.718954,75.31099,26222,29302,69.271101,56.692711,56.485528,44.862745,77.742367,61.745656,26952,22058,30248,24024,38908,53550,56.379971
K2,2012,13316,9463,3853,0,0,0,0,0,0,0,0,-0.34,31.24,17.861946,23.720952,7.074437,50.047661,0.396062,8.620001,-0.842806,3.10036,5.579656,4.109999,4.759048,17.861946,3.888245,-0.748516,0.501611,0.217683,-0.192508,0.129007,-0.03,2.4775,6.71,12.25,14.41,15.835,17.799999,19.35,20.9,22.309999,23.030001,23.76,25.244999,26.799999,29.68,0.576376,19.211794,20.068179,0,280,93.660033,8.888889,55.24151,3051.624481,0.589809,96,-0.056038,1.883485,47.67733,93.660033,31.729391,-0.647246,0.222089,0.338772,-0.020399,0.006999,5,10,15,30,41,54,80,101,117,131,137,145,163,179,200,58.776287,45.764494,64.398182,5562,6094,72.492867,27.168974,59.589967,20.26134,83.852901,28.511043,6860,2571,7935,2698,9463,13316,59.175538
J4,2012,29586,19973,9613,0,0,0,0,0,0,0,0,-0.86,34.860001,22.294177,22.953334,7.054723,49.769118,0.316438,8.110001,-0.963929,4.117678,5.329734,4.075001,4.043334,22.294177,3.831034,-0.580925,0.637741,0.17184,-0.151637,0.166467,0.17,7.4225,13.52,17.879999,19,19.91,21.57,23.215,24.41,25.950001,27.110001,28.35,30.9,31.9175,33.490002,0.648213,23.383707,24.142102,0,70,23.189042,30,14.017085,196.478678,0.60447,24,0.249532,2.113386,11.950691,23.189042,8.034095,0.467156,0.185471,0.346461,0.058147,0.023086,2,3,5,8,10,13,18,23,27,32,34,36,42,47,55,84.028438,69.306429,102.663596,16783,20505,72.107345,67.68137,56.131278,52.017846,83.147249,77.054023,14402,13518,16607,15390,19973,29586,65.566942
I1,2012,55765,39150,16615,0,0,0,0,0,0,0,0,-0.41,32.57,18.789986,20.529682,6.09235,37.116722,0.324234,7.570001,-0.816378,3.776869,4.722838,3.690001,3.669682,18.789986,3.345794,-0.467338,0.511214,0.178063,-0.139679,0.152793,0.44,7.1,10.87,14.36,15.45,16.459999,18.15,19.76,20.91,22.219999,23.02,23.809999,25.780001,27.379999,29.610001,0.582171,19.752965,20.441579,0,70,25.494163,30,14.692556,215.871196,0.576311,25,0.120413,2.029445,12.541831,25.494163,8.444103,0.205018,0.189886,0.331217,0.024279,0.022487,2,4,5,10,12,15,21,26,30,35,37,39,45,49,57,61.180077,48.019367,68.398467,23952,26778,69.295019,56.595147,56.234197,43.654622,80.099617,62.181354,27129,22157,31359,24344,39150,55765,62.435696
I2,2012,111564,77264,34300,0,0,0,0,0,0,0,0,-0.58,33.369999,19.100435,18.819999,5.374271,28.882786,0.281369,5.799999,-1.163468,4.834449,3.969252,2.879999,3.220001,19.100435,2.860012,-0.550337,0.543553,0.149735,-0.192425,0.190053,0.41,8.08,12.26,15.64,16.860001,17.77,18.950001,19.940001,20.969999,22.059999,22.66,23.33,24.780001,25.940001,27.84,0.579689,19.842105,20.362353,0,75,24.435158,5.952381,13.901951,193.264254,0.568932,24,0.078429,2.001713,11.921608,24.435158,7.992691,0.1023,0.144991,0.327098,0.012799,0.01814,2,4,5,9,12,15,20,25,29,33,36,38,43,46,53,66.438445,49.361801,71.275109,51333,55070,75.601833,78.076465,58.480334,61.468753,84.441655,88.75673,58413,60325,65243,68577,77264,111564,67.545779
I3,2012,128932,95162,33770,0,0,0,0,0,0,0,0,-1,31.040001,18.180657,19.342858,5.793166,33.560777,0.318645,7.610001,-0.81702,3.642499,4.531777,3.759999,3.647142,18.180657,3.19735,-0.460657,0.424417,0.175865,-0.144075,0.13274,0.19,7.13,10.53,13.76,14.82,15.95,17.57,18.879999,20.27,21.790001,22.43,23.190001,24.82,26.190001,27.6,0.598647,19.081321,19.730528,0,75,26.779411,36.904762,14.584999,212.72221,0.544635,24,-0.066488,1.982075,12.459638,26.779411,8.376122,-0.220545,0.199283,0.312782,-0.02633,0.023792,2,4,6,11,14,17,23,28,33,36,38,40,45,49,55,52.174187,41.777061,56.602425,49650,53864,66.836552,57.82245,55.326063,46.918531,74.959543,63.568441,63603,55025,71333,60493,95162,128932,64.838011
I4,2012,217144,152116,65028,0,0,0,0,0,0,0,0,-1.38,32.77,20.97336,25.723175,6.149908,37.821375,0.293225,8.460001,-0.931966,4.041855,4.838989,3.98,4.223175,20.97336,3.368679,-0.539081,0.431383,0.160617,-0.160027,0.128057,0.44,9.6,13.52,16.02,17.15,18.450001,20.41,21.969999,23.459999,24.959999,25.610001,26.17,27.6,29.129999,31.34,0.654564,21.856418,22.498752,0,65,24.778175,31.984127,14.131621,199.702699,0.570325,24,0.051127,1.97745,12.067908,24.778175,8.126406,0.058873,0.160933,0.327966,0.007245,0.019804,2,3,5,9,12,15,21,26,30,34,36,38,43,47,54,76.70462,62.233357,88.837466,116680,135136,71.437587,32.57251,56.559702,23.914085,80.738384,34.137106,108668,49548,122816,51928,152116,217144,65.911302
H1,2012,13228,9667,3561,0,0,0,0,0,0,0,0,-0.36,32.349998,17.845627,20.927459,6.817527,46.478672,0.382028,9.119999,-0.664989,2.948159,5.479742,3.91,3.47254,17.845627,3.77502,-0.619946,0.46385,0.211538,-0.164223,0.122873,0.02,4.6935,7.49,11.833999,13.51,15.24,17.77,19.559999,20.940001,21.950001,22.629999,23.290001,24.700001,26.549999,30.99461,0.556577,19.103443,19.967164,0,65,23.63101,31.984127,12.705675,161.434185,0.53767,21,0.017285,2.016622,10.815011,23.63101,7.309904,-0.017589,0.217635,0.309335,-0.002406,0.029773,2,4,6,10,13,15,20,24,28,32,34,36,40,44,49,59.615186,47.369217,64.818455,5763,6266,72.183718,51.649943,59.631086,40.21016,81.597186,55.022241,6978,4993,7888,5319,9667,13228,56.571869
H2,2012,12430,9664,2766,0,0,0,0,0,0,0,0,-0.38,27.33,16.202545,20.732381,6.036882,36.443944,0.372589,8.27,-0.688227,2.816077,4.944964,3.91,3.99,16.202545,3.376174,-0.536335,0.303523,0.208373,-0.158859,0.089901,0.07,4.8145,7.389,11.02,12.6,13.667,15.486001,17.530001,18.99,20.299999,20.870001,21.469999,22.940001,24.219999,25.870001,0.598432,17.29056,18.042528,0,57,25.256959,31.666667,12.545597,157.392008,0.496718,20,-0.192245,2.054938,10.570974,25.256959,7.190336,-0.409817,0.299267,0.284687,-0.056996,0.041621,2,4,6,12,15,18,23,27,30,33,35,37,41,44,49,39.766142,32.453741,41.74255,3843,4034,65.521523,32.377897,56.613033,26.307321,72.816639,33.836921,6332,3129,7037,3270,9664,12430,61.619646
H3,2012,12620,9560,3060,0,0,0,0,0,0,0,0,-0.36,28.67,16.95297,22.218889,6.619602,43.819125,0.390469,9.71,-0.734215,2.683153,5.475565,4.285002,3.91889,16.95297,3.69106,-0.679141,0.286314,0.217724,-0.183996,0.07757,0.1019,3.73,6.799,11.02,12.45,13.94,16.82,18.685001,20.129999,21.549999,22.16,22.74,24.209999,25.209999,26.889999,0.596382,18.199419,19.026551,0,60,24.444612,28.571429,12.531859,157.047491,0.512663,20,-0.140969,2.061621,10.549422,24.444612,7.183418,-0.320465,0.304076,0.293865,-0.044612,0.04233,2,4,6,11,14,17,22,26,29,32,34,36,40,43,49,50.366109,40.847861,53.922594,4815,5155,70.062762,31.297071,59.37401,24.55626,78.378661,32.416318,6698,2992,7493,3099,9560,12620,62.027922
H4,2012,12416,9920,2496,0,0,0,0,0,0,0,0,-0.49,28.43,15.96186,19.249048,5.764488,33.229323,0.361141,8.039999,-0.628942,2.92819,4.685059,3.88,3.759048,15.96186,3.229153,-0.437209,0.327816,0.202304,-0.135394,0.101518,0.2515,4.85,7.93,11.25,12.27,13.245,15.22,16.965,18.41,19.66,20.309999,20.93,22.709999,23.620001,26.228497,0.568875,16.970788,17.691648,0,72,25.095925,32,11.994316,143.863613,0.477939,18,-0.265837,2.140375,10.050163,25.095925,6.848164,-0.528714,0.358277,0.27288,-0.077205,0.052317,2,4,7,12,16,19,23,27,30,33,34,36,40,43,47,32.631048,27.432345,34.334677,3237,3406,63.4375,39.879032,55.509021,33.658183,69.475806,42.127016,6293,3956,6892,4179,9920,12416,59.827781
G1,2012,13222,9694,3528,0,0,0,0,0,0,0,0,-0.38,29.93,17.347502,21.751111,7.198804,51.822783,0.414976,10.12,-0.714471,2.705681,5.898472,4.844999,4.290001,17.347502,4.02369,-0.691746,0.32632,0.231946,-0.171918,0.0811,-0.04,2.3005,6.43,11.21,12.94,14.38,16.799999,18.895,20.690001,22.24,23.059999,23.93,25.5,26.379999,28.01,0.584873,18.781765,19.704608,0,58,22.570186,31.301587,11.959283,143.024459,0.529871,20,-0.06327,1.97885,10.210755,22.570186,6.876453,-0.163539,0.176462,0.30467,-0.023783,0.025662,2,4,5,10,12,15,20,24,27,30,32,34,38,41,46,52.929647,43.351989,59.129358,5131,5732,67.340623,42.851248,57.336258,33.671154,78.203012,45.925315,6528,4154,7581,4452,9694,13222,60.917086
K3,2012,13756,9344,4412,0,0,0,0,0,0,0,0,-0.5,29.16,15.547813,20.685714,7.504766,56.321516,0.482689,11.44,-0.643705,2.314903,6.301943,4.57,4.005714,15.547813,4.196562,-0.748551,0.251057,0.269913,-0.178372,0.059824,-0.1,0.36,3.3,8.04,9.87,12,15.78,17.76,19.26,20.709999,21.309999,21.99,23.58,25.219999,27.110001,0.541059,17.26418,18.284786,1,260,94.964016,9.222222,59.330543,3520.113354,0.624769,109,0.00329,1.72942,51.958936,94.964016,34.156741,0.098778,-0.697353,0.359681,0.002892,-0.020416,4,9,14,27,36,48,76,100,119,136,145,154,174,185,200,48.961901,35.170108,51.776541,4575,4838,77.996575,42.390839,60.926141,30.22681,89.693921,44.499144,7288,3961,8381,4158,9344,13756,56.340149
G2,2012,12768,9739,3029,0,0,0,0,0,0,0,0,-0.75,34.740002,16.00161,12.206667,6.470776,41.870946,0.404383,8.3125,-0.088233,3.197579,5.076214,4.12,5.093332,16.00161,3.615314,-0.050568,0.53478,0.225934,-0.013987,0.147921,0,4.3935,8.07,11.3,12.1,12.77,14.33,15.89,17.629999,19.549999,20.4125,21.24,23.632998,26.52,31.626602,0.472009,17.260336,18.25479,0,64,23.85307,27.428571,12.492392,156.05987,0.523723,20,-0.025558,2.125005,10.479451,23.85307,7.16651,-0.121421,0.333933,0.300444,-0.016943,0.046596,2,4,6,10,13,16,21,25,28,32,33,35,40,43,50,33.566075,27.349624,35.855837,3269,3492,57.09005,81.938597,49.06015,74.381266,64.318719,97.515145,5560,7980,6264,9497,9739,12768,49.571168
G3,2012,12696,9867,2829,0,0,0,0,0,0,0,0,-0.56,30.719999,15.788773,19.300317,6.720316,45.162644,0.425639,8.660001,-0.471792,2.680822,5.398603,4.309999,4.689683,15.788773,3.790871,-0.384885,0.41564,0.240099,-0.101529,0.109642,0.02,2.31,5.91,10.46,11.88,13.065001,14.69,16.389999,18.34,19.809999,20.540001,21.59,24.15,25.799999,27.720497,0.522659,17.159383,18.102037,0,66,23.844912,22,12.512452,156.561452,0.524743,20,0.000287,2.158335,10.478795,23.844912,7.174834,-0.083038,0.359005,0.300896,-0.011574,0.050037,2,4,6,11,13,16,21,25,28,32,33,35,40,44,50,33.860343,28.5523,36.738624,3341,3625,61.497922,39.748657,53.481411,33.931947,68.815243,43.660687,6068,3922,6790,4308,9867,12696,55.931347
G4,2012,12845,9962,2883,0,0,0,0,0,0,0,0,-0.24,30.559999,19.600331,24.693333,5.962169,35.547458,0.304187,8,-0.846349,3.283428,4.743315,3.690001,4.146667,19.600331,3.288292,-0.603686,0.386512,0.167767,-0.183587,0.117542,3.5444,7.512,10.754001,14.608001,16.120001,17.551998,19.416,20.85,22.17,23.517998,24.120001,24.702002,25.92,27.110001,29.425596,0.644167,20.487012,21.134892,0,58,24.535928,28.539683,12.213036,149.158258,0.497761,19,-0.17907,2.122919,10.221268,24.535928,6.987703,-0.380513,0.369876,0.284795,-0.054455,0.052932,2,4,6,11,15,18,23,26,29,32,34,35,40,43,48,65.027103,55.258856,71.250753,6478,7098,68.279462,25.37643,58.396263,20.077851,75.296125,25.888376,6802,2528,7501,2579,9962,12845,65.612033
F1,2012,13204,9773,3431,0,0,0,0,0,0,0,0,-0.37,29.51,16.139083,20.024286,5.335769,28.470429,0.330612,6.650001,-0.722238,3.744462,4.143352,3.18,3.664285,16.139083,2.931695,-0.384391,0.454509,0.181652,-0.131116,0.155033,0.03,5.88,9.333,12.06,13.12,14.03,15.63,16.98,18.09,19.23,19.77,20.32,21.997002,23.708496,27.449697,0.552513,16.998184,17.622154,0,51,19.784762,23.47619,10.537477,111.038423,0.532606,18,-0.031249,2.067091,8.956349,19.784762,6.041832,-0.122717,0.205611,0.305378,-0.020311,0.034031,1,3,5,8,10,13,17,21,24,26,28,29,33,36,41,29.888468,23.008179,31.085644,2921,3038,70.326409,29.683823,56.573766,22.849137,76.435076,30.870766,6873,2901,7470,3017,9773,13204,57.786457
F2,2012,13137,9730,3407,0,0,0,0,0,0,0,0,-0.42,31.34,14.155774,19.240952,5.789015,33.512699,0.408951,8.329999,-0.517468,2.632935,4.744012,4.12,4.580953,14.155774,3.263902,-0.411609,0.267817,0.23057,-0.126109,0.082054,0.01,3.096,5.77,9.12,10.47,11.54,13.28,14.89,16.620001,18.162003,18.799999,19.450001,20.85,21.780001,24.006397,0.458935,15.293661,16.082022,0,52,19.738373,25.587302,10.396391,108.084941,0.52671,17,0.003019,2.104824,8.79179,19.738373,5.964382,-0.066364,0.234297,0.302172,-0.011127,0.039283,2,3,5,9,11,13,17,21,24,26,28,29,33,36,41.639648,19.527235,14.698942,19.845838,1900,1931,66.670092,28.797533,54.50255,21.740123,73.586845,29.352518,6487,2802,7160,2856,9730,13137,57.886288
F3,2012,13008,9914,3094,0,0,0,0,0,0,0,0,-0.56,39.040001,18.000079,20.811429,6.658008,44.329076,0.369888,7.93,-0.070991,3.824522,5.045366,3.9,3.93143,18.000079,3.650173,-0.108009,0.674796,0.202786,-0.02959,0.184867,0.0907,6.48,10.07,13.08,14.08,15.03,16.870001,18.370001,19.812002,21.24,22.01,22.73,24.732998,29.559999,35.527187,0.468689,19.191887,20.169161,0,51,20.016836,23.47619,10.359559,107.320467,0.517542,17,-0.075036,2.084979,8.75821,20.016836,5.938757,-0.182756,0.240778,0.296688,-0.030774,0.040544,2,3,5,9,11,14,18,21,24,27,28,29,33,36,41,46.822675,38.806888,50.917894,4642,5048,62.537825,40.488199,52.544588,33.456335,68.942909,43.897519,6200,4014,6835,4352,9914,13008,49.621024
F4,2012,12660,9775,2885,0,0,0,0,0,0,0,0,-0.48,32.810001,18.243188,17.486032,6.618315,43.802092,0.362783,7.842501,-0.311519,2.947562,5.177536,3.98,4.16,18.243188,3.72285,-0.170739,0.498766,0.204068,-0.045863,0.133974,0.15,6.9,9.539001,12.95,14.5875,15.57,17.049999,18.25,19.93,21.49,22.43,24.129999,27.170996,28.870001,31.034101,0.562427,19.406508,20.310454,0,52,21.018246,26.412698,10.648514,113.390851,0.506632,17,-0.068946,2.126525,8.946215,21.018246,6.106885,-0.171014,0.293268,0.290552,-0.028003,0.048023,2,4,5,10,12,15,19,22,25,28,29,31,34,37,43,44.491049,39.581359,51.263427,4349,5011,56.173913,63.181586,50.047393,56.398104,64.818414,73.043478,5491,6176,6336,7140,9775,12660,57.770547
K4,2012,14015,9490,4525,0,0,0,0,0,0,0,0,-0.46,30.469999,12.883693,-0.46,7.907851,62.534104,0.613788,13.18,-0.083158,1.979404,6.770085,6.27,14.32,12.883693,4.541013,-0.137543,0.110776,0.352462,-0.030289,0.024394,-0.15,0.04,0.914,4.728001,6.09,7.62,11.076001,13.86,16.120001,18.23,19.27,20.16,22.43,25.280001,28.620001,0.431416,15.116851,16.527073,1,240,89.026044,8.587302,55.914682,3126.451655,0.628071,98.5,0.090039,1.845599,48.508401,89.026044,32.178629,0.790703,-0.090802,0.361452,0.024572,-0.002822,4,8,13,26,35.5,46,70,92,110,126,134,143,164,180,200,28.503688,20.813414,30.737619,2705,2917,67.175975,99.989463,53.257224,99.992865,78.651212,147.671233,6375,9489,7464,14014,9490,14015,44.009705
L1,2012,13667,9338,4329,0,0,0,0,0,0,0,0,-0.62,29.27,16.866782,18.357778,6.779639,45.963508,0.401952,7.915001,-0.822192,3.145285,5.281683,3.900002,3.897778,16.866782,3.733359,-0.650602,0.517208,0.221344,-0.174267,0.138537,-0.06,1.6,6.26,12.08,13.66,14.87,16.653999,18.219999,19.35,20.75,21.575001,22.620001,24.709999,25.957001,27.493399,0.585038,18.178242,19.008128,0,240,88.607741,7.619048,55.099338,3035.937077,0.621834,101,-0.009565,1.766197,48.265674,88.607741,31.670186,-0.10018,-0.511295,0.35742,-0.003163,-0.016144,4,8,13,25,33,45,72,95,112,127,134,142,159,173,194.339844,46.89441,35.011341,51.242236,4379,4785,75.165988,63.82523,58.681496,48.671984,85.885629,71.235811,7019,5960,8020,6652,9338,13667,60.330762
L2,2012,13770,9502,4268,0,0,0,0,0,0,0,0,-0.45,25.65,15.148481,19.85,6.217713,38.65996,0.410451,8.18,-0.759625,2.867534,4.958373,3.91,4.07,15.148481,3.453593,-0.60239,0.375276,0.227983,-0.174424,0.108662,0,1.82,5.22,10.05,11.75,13.217002,14.85,16.24,17.77,19.209999,19.93,20.52,22.059999,23.280001,24.82,0.597643,16.374787,17.157051,1,240,96.735875,8.587302,58.280309,3396.594406,0.602468,109,-0.107293,1.683502,51.409446,96.735875,33.485732,-1.047359,-0.977897,0.346156,-0.031278,-0.029203,5,10,15,28,38,52,81,105,124,140,147,155,170,180,199,33.424542,24.42992,35.403073,3176,3364,71.195538,34.940013,57.988381,25.584604,84.03494,37.076405,6765,3320,7985,3523,9502,13770,60.023256
L3,2012,13989,9479,4510,0,0,0,0,0,0,0,0,-0.49,30.76,18.434146,24.311587,7.289403,53.135393,0.395429,8.9,-1.066105,3.309966,5.745689,3.949999,3.981588,18.434146,3.926103,-1.003479,0.48947,0.21298,-0.255592,0.124671,-0.06,1.374,6.29,13.03,14.99,16.823999,18.992002,20.450001,21.82,23.26,23.889999,24.49,25.709999,26.65,28.201202,0.605573,19.82295,20.637504,0,220,91.32018,6.984127,57.327382,3286.428718,0.627762,106,-0.028253,1.707263,50.537379,91.32018,32.937531,-0.217285,-0.857364,0.360682,-0.006597,-0.02603,4,9,13,24,33,44,74,99,117,132,139,147,165,178.599609,198,69.427155,53.377654,78.774132,6581,7467,79.40711,30.994831,62.963757,21.566945,92.921194,31.828252,7527,2938,8808,3017,9479,13989,64.350894
L4,2012,14066,9399,4667,0,0,0,0,0,0,0,0,-1.61,35.470001,16.935394,19.578572,7.845159,61.54652,0.46324,11.42,-0.373982,2.431797,6.4575,5.535,5.355,16.935394,4.456039,-0.413615,0.374458,0.26312,-0.092821,0.084034,-0.02,1.6925,5.14,9.86,11.49,13.085,15.68,18.1,19.959999,21.780001,22.91,23.99,26.34,28.219999,31.783497,0.500145,18.664129,19.834765,1,280,92.238518,9.857143,57.407544,3295.626077,0.622381,106,0.007473,1.724498,50.519095,92.238518,33.027195,0.10692,-0.782341,0.358063,0.003237,-0.023688,5,9,14,26,35,47,73,97,117,133,141,149,167,180,199,49.898925,39.719892,59.442494,4690,5587,65.804873,52.760932,54.990758,42.364567,82.295989,63.400362,6185,4959,7735,5959,9399,14066,52.255114
M1,2012,13816,9556,4260,0,0,0,0,0,0,0,0,-0.47,26.969999,13.406534,-0.034444,7.060594,49.851991,0.526653,10.4625,-0.356063,2.199622,5.836813,5.13,14.324445,13.406534,4.026323,-0.364065,0.24623,0.300325,-0.090421,0.061155,-0.13,0.13,2.25,6.63,8.5975,10,12.49,14.29,15.97,18,19.059999,20.08,22.084999,23.6425,25.629999,0.505705,15.152015,16.247688,0,300,91.397293,9.52381,57.020188,3251.301792,0.623872,98,0.145569,2.016343,48.858675,91.397293,32.728384,1.055292,0.489864,0.358089,0.032244,0.014968,5,9,14,28,37,49,74,95,112,127,135,143,168,185,204,27.877773,20.483497,29.614902,2664,2830,67.674759,99.393051,55.037638,97.416039,79.573043,140.843449,6467,9498,7604,13459,9556,13816,51.311648
K1,2017,14073,9925,3495,605,48,0,0,0,0,0,0,-0.67,28.48,13.978217,-0.207302,8.25096,68.078346,0.590273,14.329999,-0.493336,1.85511,7.183102,5.24,16.847301,13.978217,4.640835,-0.686732,-0.01917,0.332005,-0.147976,-0.004131,-0.2,0.036,0.41,3.86,6.22,9.07,14.13,16.639999,18.540001,19.879999,20.549999,21.219999,23.360001,24.66,25.58,0.502512,16.231576,17.444727,1,117,31.975556,6.52381,19.693829,387.846901,0.615903,31,0.511094,2.736041,16.278821,31.975556,11.146226,1.127445,0.722307,0.348586,0.10115,0.064803,2,5,7,12,15,18,25,30,36,42,46,49,58,67,84,39.788413,29.06985,41.219144,3949,4091,74.770781,99.72796,60.399346,99.111774,85.642317,140.534005,7421,9898,8500,13948,9925,14073,53.65129
M2,2017,18380,12969,4425,889,97,0,0,0,0,0,0,-0.61,27.99,15.345527,18.002698,7.169654,51.40394,0.467215,9.4425,-0.823376,2.600884,5.86498,3.810001,3.682698,15.345527,3.936357,-0.863651,0.353406,0.256515,-0.219403,0.08978,-0.13,0.34,2.629,8.618,11.14,13.3,16.01,17.639999,18.799999,19.99,20.5825,21.24,22.76,23.91,25.84,0.557886,16.937719,17.838614,1,88,26.589336,7.904762,16.432273,270.019604,0.618002,25,0.51679,2.600385,13.594745,26.589336,9.308249,1.047342,0.576429,0.350075,0.112518,0.061927,2,4,6,10,13,15,20,25,30,35,38,41,50,56,67,41.190531,29.863983,42.324003,5342,5489,80.252911,62.741923,63.079434,46.849837,89.397795,66.396792,10408,8137,11594,8611,12969,18380,58.376757
M3,2017,13094,9869,2753,437,35,0,0,0,0,0,0,-0.7,27.93,14.808108,-0.245556,7.648021,58.492218,0.516475,12.31,-0.556909,2.104568,6.501112,4.985001,17.240555,14.808108,4.303545,-0.6877,0.157727,0.290621,-0.159799,0.036651,-0.1207,0.37,2.353,6.4,8.53,10.87,14.97,16.994999,18.57,20.120001,20.84,21.6,23.459999,24.450001,26.630703,0.541673,16.666367,17.754149,1,90,30.52925,6.650794,17.535344,307.488299,0.574378,26,0.357563,2.456735,14.470628,30.52925,9.992255,0.728804,0.673988,0.327301,0.072937,0.067451,2,5,7,13,16,19,25,30,35,40,42,46,55,62,72,40.074982,30.914923,41.017327,3955,4048,74.272976,99.959469,60.500993,99.702154,80.271557,132.282906,7330,9865,7922,13055,9869,13094,54.600562
M4,2017,14105,9806,3520,691,88,0,0,0,0,0,0,-0.7,33.93,18.381524,-0.150317,8.685974,75.446137,0.472538,11.009999,-0.694905,2.597733,7.010956,4.889999,20.640318,18.381524,4.821155,-0.842655,0.502828,0.262283,-0.174783,0.104296,-0.14,0.37,3.254,10.63,13.47,15.542002,18.719999,20.49,22.134003,23.780001,24.48,25.360001,28.02,30.157997,32.6096,0.551011,20.330303,21.483523,1,127,30.056009,5,19.311937,372.950918,0.642532,29,0.640213,3.042509,15.781205,30.056009,10.855068,1.366637,0.78679,0.361161,0.125899,0.072481,2,4,6,11,14,17,23,28,33,39,43,46,57,65,82,66.143178,52.967033,76.188048,6486,7471,75.504793,99.745054,61.510103,99.142148,88.476443,142.606567,7404,9781,8676,13984,9806,14105,55.367756
N1,2017,14574,9816,3781,876,101,0,0,0,0,0,0,-0.81,31.709999,16.678706,19.837618,7.853334,61.674856,0.47086,10.397501,-0.654942,2.532688,6.366205,4.619999,4.352382,16.678706,4.381331,-0.723494,0.422367,0.26269,-0.165131,0.096402,-0.12,0.54,3.563,9.506001,11.9625,14.06,16.73,18.610001,19.99,21.500996,22.360001,23.26,25.65,27.233496,29.620001,0.537783,18.435017,19.494165,1,159,34.411692,8.52381,25.638091,657.31173,0.74504,34,1.11555,4.141003,20.114237,34.411692,13.89279,3.054815,1.590395,0.403723,0.219885,0.114476,2,5,7,11,14,17,23,29,36,43,48,53,70,86,113,54.99185,39.886099,59.219641,5398,5813,79.268541,56.927465,60.257994,41.381913,89.466178,61.440505,7781,5588,8782,6031,9816,14574,55.3017
N2,2017,14341,9853,3683,749,56,0,0,0,0,0,0,-0.61,31.129999,14.225356,-0.106191,8.189124,67.061745,0.575671,12.670001,-0.380928,2.02905,6.903365,5.52,16.326189,14.225356,4.644446,-0.491966,0.176529,0.326491,-0.105926,0.038009,-0.16,0.16,0.84,4.9,7.6,10.1,13.91,16.219999,17.809999,19.41,20.27,21.41,24.030001,25.51,28.59,0.467403,16.413952,17.685055,1,173,37.758734,6.460317,27.701662,767.382093,0.733649,38,0.941539,3.382243,22.285708,37.758734,15.223427,3.178361,1.421031,0.403176,0.208781,0.093345,2,5,7,12,16,19,25,31,39,48,54,60,79,93,116,36.110829,26.399833,38.424845,3558,3786,76.382828,99.553436,58.782512,98.549613,85.557698,143.438547,7526,9809,8430,14133,9853,14341,48.748268
N3,2017,13866,9825,3281,681,79,0,0,0,0,0,0,-0.73,35.080002,19.395515,20.869684,7.318945,53.566958,0.377352,8.359999,-1.009234,3.459082,5.688141,3.869999,3.970316,19.395515,3.959503,-0.881457,0.588951,0.204145,-0.222618,0.148744,-0.05,2.91,7.39,14.33,16.120001,17.52,19.66,21.190001,22.52,23.790001,24.48,25.190001,27.09,28.370001,30.15,0.562008,20.730391,21.556777,1,154,42.589788,5.857143,28.978459,839.751079,0.680409,43,0.649789,2.70546,24.0401,42.589788,16.298645,2.457628,0.997851,0.382689,0.150787,0.061223,2,5,8,15,19,22,30,37,47,57,62,68,85,97,117,74.849873,58.293668,82.26972,7354,8083,77.709924,68.569975,61.200058,52.661186,86.371501,74.320611,7635,6737,8486,7302,9825,13866,63.278873
N4,2017,14465,9972,3710,721,62,0,0,0,0,0,0,-0.88,34.900002,17.075737,22.405398,7.878752,62.074739,0.4614,10.52,-0.676935,2.591994,6.406381,4.66,4.625397,17.075737,4.38849,-0.757152,0.416459,0.257001,-0.172531,0.094898,-0.11,0.65,3.85,9.868,12.39,14.322001,16.956001,18.99,20.704004,22.209999,22.91,23.65,25.48,27.6,30.113604,0.501837,18.805618,19.855288,1,170,37.006913,6.365079,27.747418,769.9192,0.74979,38,0.979372,3.381163,22.330327,37.006913,15.18265,3.40162,1.445958,0.410265,0.224047,0.095238,2,5,7,12,15,18,24,30,37,47,53,60,79,94,115,59.476534,44.12029,63.999198,5931,6382,76.30365,39.851584,59.419288,28.669202,86.191336,41.586442,7609,3974,8595,4147,9972,14465,55.693129
J1,2017,42867,31165,9939,1643,120,0,0,0,0,0,0,-0.69,33.389999,16.9183,20.948095,7.213939,52.040921,0.426399,9.47,-0.42003,2.880293,5.763518,4.65,4.831906,16.9183,4.047893,-0.380174,0.503553,0.239261,-0.093919,0.124399,-0.08,2.49,6.83,11,12.61,13.85,15.73,17.67,19.639999,21.299999,22.08,22.92,24.99,27.576992,32.016796,0.516675,18.392079,19.421853,1,81,27.544055,4.809524,15.733527,247.54387,0.571213,25,0.267139,2.302745,13.134143,27.544055,9.000464,0.490832,0.478453,0.326766,0.054534,0.053159,2,4,7,11,14,17,23,27,32,36,39,42,49,55,64,49.43366,38.106236,52.414568,15406,16335,66.895556,42.197979,53.82462,32.208925,74.034975,44.302904,20848,13151,23073,13807,31165,42867,51.839191
J2,2017,14344,10031,3676,592,45,0,0,0,0,0,0,-0.48,32.990002,18.657402,20.770795,6.890839,47.48366,0.369335,9.160001,-0.604108,2.81033,5.550388,4.490001,4.360795,18.657402,3.864913,-0.517433,0.416215,0.207152,-0.13388,0.107691,0.9843,5.08,8.35,13.06,14.62,15.81,17.889999,19.780001,21.379999,22.91,23.780001,24.67,26.639999,28.108498,30.795704,0.571778,19.889168,20.765754,1,89,25.979155,24.746032,15.064464,226.938072,0.579867,23,0.364571,2.450197,12.44753,25.979155,8.583386,0.643072,0.541445,0.330395,0.074921,0.063081,2,5,6,11,13,16,21,25,30,34,36,39,47,53,62,63.084438,48.731177,69.68398,6328,6990,70.581198,57.900508,55.974624,44.192694,80.04187,63.194098,7080,5808,8029,6339,10031,14344,59.574431
J3,2017,54928,40088,12518,2128,194,0,0,0,0,0,0,-1.08,35.209999,19.848009,23.689364,7.534847,56.773926,0.379627,9.51,-0.60681,3.045976,5.984318,4.709999,4.809365,19.848009,4.206417,-0.515279,0.546504,0.211931,-0.122498,0.129921,0.06,4.69,9.34,13.92,15.42,16.6,19.049999,20.950001,22.75,24.219999,24.93,26.040001,28.780001,30.969999,33.400002,0.576688,21.230081,22.199218,1,86,26.644917,27.984127,15.31019,234.401924,0.574601,23,0.300527,2.384548,12.669101,26.644917,8.741397,0.526097,0.531734,0.32807,0.060185,0.060829,1,4,6,11,14,17,22,26,30,35,37,40,48,53,62,69.317501,55.432566,75.952904,27788,30448,70.020954,44.382359,56.149869,33.855229,76.935741,46.387947,28070,17792,30842,18596,40088,54928,58.41896
K2,2017,13890,10033,3186,604,67,0,0,0,0,0,0,-0.57,30.5,16.725874,-0.076825,8.055925,64.897935,0.481645,11.07,-0.774014,2.496307,6.605428,4.51,19.166826,16.725874,4.437477,-0.931922,0.361405,0.265306,-0.210012,0.081444,-0.11,0.26,2.469,8.92,11.65,14.337002,17.41,19.09,20.709999,22.049999,22.719999,23.5,24.84,26.389999,29.09,0.556674,18.564701,19.601003,1,116,33.874442,4.650794,21.113569,445.78278,0.623289,32,0.505233,2.69662,17.495069,33.874442,11.954924,1.213235,0.735219,0.352919,0.101484,0.061499,2,5,7,13,16,19,26,32,39,45,48,52,62,72,89,58.307585,44.535637,61.656533,5850,6186,78.441144,99.461776,63.470122,98.646508,87.870029,136.569321,7870,9979,8816,13702,10033,13890,56.495586
J4,2017,30087,20686,7969,1328,104,0,0,0,0,0,0,-0.62,35.09,21.639294,22.619841,7.66006,58.676524,0.353988,9.160002,-0.764226,3.431207,5.896735,4.58,4.580159,21.639294,4.228788,-0.563476,0.618337,0.195422,-0.133248,0.146221,0.2086,5.8,11.1,16.610001,17.879999,19.01,20.73,22.4,23.940001,25.860001,27.040001,28.48,31.23,32.450001,33.919998,0.623335,22.955035,23.868687,1,75,25.012264,6.873016,14.871953,221.174981,0.594586,23,0.39688,2.425154,12.362721,25.012264,8.470381,0.724422,0.480401,0.338649,0.085524,0.056715,1,4,6,10,12,15,20,24,28,33,35,38,45,52,61,78.52654,64.419849,93.69622,16244,19382,68.495601,62.13381,54.388939,48.725363,79.106642,70.869187,14169,12853,16364,14660,20686,30087,62.788883
I1,2017,57627,40624,14508,2322,173,0,0,0,0,0,0,-0.59,32.599998,17.424047,21.00984,6.667017,44.449109,0.382633,7.739999,-0.719221,3.309048,5.156711,3.83,4.129841,17.424047,3.673998,-0.51998,0.569818,0.210858,-0.14153,0.155095,0.28,2.57,7.8,12.95,14.22,15.17,16.780001,18.34,19.889999,21.280001,21.959999,22.700001,24.889999,26.98,29.76,0.542755,18.655985,19.487098,1,89,26.654554,3.793651,15.644029,244.735644,0.586918,25,0.358861,2.487927,13.028953,26.654554,8.912366,0.619585,0.497248,0.334366,0.06952,0.055793,1,4,6,11,13,16,21,26,31,35,38,40,48,54,65,51.826506,39.295816,55.742911,21054,22645,69.7051,43.570303,55.581585,32.342478,78.845018,45.879283,28317,17700,32030,18638,40624,57627,57.526753
I2,2017,114160,81049,27897,4769,445,0,0,0,0,0,0,-0.82,31.99,18.500331,19.490952,5.842302,34.132498,0.315794,6.8,-1.048054,4.053683,4.439982,3.370001,3.380952,18.500331,3.158594,-0.61184,0.515248,0.170732,-0.193706,0.163126,0.25,6.72,10,14.7,15.78,16.860001,18.43,19.530001,20.639999,21.83,22.58,23.389999,24.83,25.98,27.58,0.588855,19.400888,20.014436,1,85,26.693956,5,15.763438,248.485966,0.590525,25,0.385322,2.454647,13.10039,26.693956,8.979078,0.721519,0.517542,0.336371,0.080356,0.057639,2,4,6,11,13,16,21,26,30,35,38,41,49,55,65,60.174709,45.539594,64.143913,48771,51988,75.439549,65.556639,59.299229,50.389804,83.524781,70.975583,61143,53133,67696,57525,81049,114160,66.043115
I3,2017,133142,98549,29939,4384,270,0,0,0,0,0,0,-0.82,31.809999,17.559326,18.34365,6.267672,39.283707,0.356943,7.44,-0.820217,3.482908,4.833479,3.69,3.693651,17.559326,3.446978,-0.52599,0.512752,0.196305,-0.152594,0.148754,0.15,3.94,8.92,13.17,14.47,15.51,17.040001,18.389999,19.74,21.15,21.91,22.82,25.139999,26.15,27.5,0.563265,18.644392,19.382355,1,87,27.821356,33.761905,15.628374,244.24607,0.56174,24,0.291329,2.420386,12.930474,27.821356,8.920496,0.495958,0.570266,0.320635,0.055598,0.063928,2,5,7,12,15,18,23,28,32,36,39,42,49,55,64,48.801104,38.233615,51.654507,48093,50905,68.79116,62.668317,56.075468,50.367277,75.759267,68.047367,67793,61759,74660,67060,98549,133142,62.80036
I4,2017,228940,159184,58600,10368,788,0,0,0,0,0,0,-0.63,33.099998,20.585918,26.13984,6.761941,45.72385,0.328474,9.040001,-0.905825,3.688937,5.332429,4.389999,4.650161,20.585918,3.710545,-0.626725,0.483413,0.180247,-0.168904,0.130281,0.33,6.58,12.17,15.51,16.639999,17.719999,20.01,21.82,23.34,24.91,25.68,26.35,27.91,29.58,31.610001,0.628993,21.668033,22.418713,1,86,25.037861,3.698413,15.285095,233.634129,0.610479,23,0.467049,2.525842,12.668119,25.037861,8.678988,0.880128,0.523473,0.346635,0.101409,0.060315,1,4,6,10,12,15,19,24,28,33,35,38,47,53,62,76.304151,60.013977,86.312695,121464,137396,73.421952,30.352297,57.057744,21.687778,82.061011,31.191577,116876,48316,130628,49652,159184,228940,64.117854
H1,2017,13909,9991,3387,498,33,0,0,0,0,0,0,-0.61,32.630001,15.288461,21.550001,7.78462,60.600312,0.509183,12.780001,-0.20703,2.067962,6.691717,6.119999,6.04,15.288461,4.458788,-0.287963,0.148577,0.291644,-0.064583,0.033322,0.0008,1.814,4.14,7.516001,8.91,10.21,13.33,16.6,18.77,20.780001,21.690001,22.549999,24.622002,25.891993,31.030001,0.478293,17.156136,18.425138,1,75,25.750737,26.84127,14.593832,212.979926,0.566735,22,0.27402,2.295601,12.129759,25.750737,8.348255,0.484448,0.482237,0.324195,0.05803,0.057765,1,4,6,11,14,16,21,25,29,34,36,39,46,51,58,44.750275,33.834208,47.102392,4471,4706,66.059454,35.081573,53.504925,25.954418,74.487038,36.132519,6600,3505,7442,3610,9991,13909,48.260205
H2,2017,13514,10102,3002,380,30,0,0,0,0,0,0,-0.5,27.360001,13.676337,18.957778,6.794083,46.159565,0.496777,10.98,-0.230291,2.051445,5.763975,5.5,5.507778,13.676337,3.902698,-0.234012,0.136962,0.285361,-0.059962,0.035094,0.02,1.63,3.86,7.14,8.5,9.53,12.06,14.01,16.290001,18.590996,19.48,20.379999,22.25,23.57,25.35,0.508842,15.270833,16.361028,1,72,27.008732,26.920635,14.505268,210.402795,0.537058,22,0.164424,2.220528,12.037412,27.008732,8.3171,0.27125,0.481355,0.307941,0.032613,0.057875,2,5,7,12,15,18,23,27,31,35,37,40,47,52,58,28.707187,22.103004,29.568402,2900,2987,62.047119,35.982974,51.709338,28.022791,69.174421,37.487626,6268,3635,6988,3787,10102,13514,52.937612
H3,2017,13832,10045,3281,464,42,0,0,0,0,0,0,-0.82,29.59,16.604879,21.384127,6.781091,45.983195,0.408379,9.792501,-0.655633,2.54748,5.608134,4.315,4.034127,16.604879,3.801583,-0.631304,0.290791,0.228944,-0.166063,0.076492,0.07,3.43,6.1,10.31,12.077499,13.9,16.07,18.285,19.77,21.219999,21.870001,22.540001,24.139999,25.4,27.303808,0.572998,17.936049,18.818561,1,76,26.75629,6.952381,14.820638,219.651323,0.553912,23,0.221744,2.300399,12.285682,26.75629,8.479795,0.3633,0.50702,0.316927,0.042843,0.059792,2,5,7,11,14,17,23,27,31,35,37,40,47,52,60,50.970632,38.62059,53.180687,5120,5342,72.025884,38.576406,57.851359,28.788317,79.661523,39.641613,7235,3875,8002,3982,10045,13832,59.796882
H4,2017,13294,9984,2949,339,22,0,0,0,0,0,0,-0.59,27.129999,13.156697,18.769999,6.606481,43.645587,0.502138,10.7375,-0.196416,2.030128,5.657027,5.34,5.62,13.156697,3.796379,-0.204113,0.122345,0.288551,-0.053765,0.032227,0.02,1.84,3.453001,6.95,7.9925,9.06,11.27,13.6,15.877998,17.890995,18.73,19.540001,21.407001,22.84,25.299999,0.495913,14.722126,15.7987,1,70,26.638559,24,14.550923,211.729352,0.546235,22,0.290622,2.383905,11.95672,26.638559,8.306896,0.497949,0.601952,0.311837,0.059944,0.072464,2,5,7,12,15,18,22,26,30,34,37,40,47,52,60,23.267228,17.759892,23.647837,2323,2361,62.690304,32.171474,51.602227,24.763051,68.709936,32.972756,6259,3212,6860,3292,9984,13294,50.981919
G1,2017,13719,9941,3263,482,33,0,0,0,0,0,0,-0.58,30.389999,14.812966,22.033015,7.824661,61.225325,0.528231,12.77,-0.258117,1.984304,6.674138,6.24,6.426984,14.812966,4.492627,-0.322186,0.118814,0.30329,-0.071714,0.026446,-0.03,1.009,3.17,6.82,8.74,10.17,13.062002,15.77,17.897997,20.375996,21.51,22.454004,24.620001,25.940996,28.1,0.497028,16.752457,18.015682,1,81,27.214301,28.936508,15.782385,249.083682,0.57993,24,0.39323,2.4413,13.033932,27.214301,8.988294,0.760841,0.588561,0.330278,0.084648,0.065481,2,5,7,12,14,17,22,26,31,35,38,41,50,55,65,41.253395,31.656826,43.687758,4101,4343,65.023639,29.916507,54.049129,22.472483,74.590081,31.012977,6464,2974,7415,3083,9941,13719,51.694106
K3,2017,14021,9980,3374,613,54,0,0,0,0,0,0,-0.54,28.959999,15.013174,-0.071746,7.710966,59.458991,0.513613,12.06,-0.522634,2.136503,6.553308,5.130001,17.221746,15.013174,4.356195,-0.641199,0.178835,0.290158,-0.147192,0.041053,-0.15,0.19,2.57,7.01,9.14,10.81,14.66,17.15,18.780001,20.32,21.200001,21.91,23.809999,25.18,27.09,0.527226,16.877504,17.989815,1,113,33.556665,4.555556,20.841382,434.363212,0.62108,32,0.468126,2.572813,17.24487,33.556665,11.827249,1.158337,0.735282,0.352456,0.097938,0.062168,2,5,7,13,16,19,26,32,38,45,48,52,62,71,86,43.637275,31.887882,44.799599,4355,4471,76.783567,99.719439,58.947293,98.138507,82.815631,137.875752,7663,9952,8265,13760,9980,14021,54.410447
G2,2017,13212,9846,2954,392,20,0,0,0,0,0,0,-0.75,34.169998,13.597974,11.444285,7.126142,50.7819,0.524059,10.34,0.093936,2.473891,5.786096,5.120001,5.144285,13.597974,4.062795,0.064893,0.386611,0.298779,0.015973,0.095159,-0.03,1.28,3.83,7.41,8.73,9.82,11.723999,13.25,15.12,17.540001,19.07,20.267998,22.779005,25.454502,29.808895,0.410881,15.351969,16.654809,1,78,27.970481,5.888889,15.588883,243.013283,0.557333,24,0.29204,2.338693,12.89518,27.970481,8.90777,0.545167,0.563979,0.31847,0.061201,0.063313,2,5,7,12,15,18,23,27,32,36,39,42,50,55,64,27.43246,21.147442,28.377006,2701,2794,57.769653,71.937843,48.11535,61.557675,64.56429,82.602072,5688,7083,6357,8133,9846,13212,44.595992
G3,2017,13430,9995,3044,364,27,0,0,0,0,0,0,-0.61,31.66,12.906644,14.244444,7.06403,49.900516,0.547317,11.22,0.03438,2.19531,5.942836,5.57,5.544445,12.906644,4.055731,-0.003488,0.21478,0.314236,-0.00086,0.052957,-0.0171,1.25,3,6.09,7.11,8.447,10.92,13.2,15.193998,17.252998,18.33,19.540001,22.01,24.01,28.495499,0.418861,14.7132,15.997555,1,82,27.798362,28,15.272236,233.241192,0.549393,23,0.301394,2.397996,12.605069,27.798362,8.719217,0.535138,0.599642,0.313659,0.061375,0.068773,2,5,7,13,16,18,23,27,31,36,39,41,49,55,63,23.241621,18.049144,24.252126,2323,2424,61.350675,54.877439,51.146687,45.026061,68.724362,60.50025,6132,5485,6869,6047,9995,13430,44.25291
G4,2017,14010,10098,3436,456,20,0,0,0,0,0,0,-0.58,30.43,14.569474,21.077778,7.521584,56.574219,0.516256,12.130001,-0.253719,2.074123,6.354447,5.93,6.107778,14.569474,4.31548,-0.292365,0.178113,0.2962,-0.067748,0.041273,-0.05,0.94,3.52,7.32,8.66,10.167002,13,15.29,17.5,19.860001,20.790001,21.65,23.98,25.65,27.699102,0.488535,16.396333,17.605929,1,79,26.318201,5.952381,15.11687,228.51977,0.574388,23,0.406855,2.507809,12.431284,26.318201,8.597494,0.729866,0.616147,0.326675,0.084893,0.071666,2,5,7,11,14,17,21,25,29,34,37,40,47,54,63,38.552189,29.286224,40.631808,3893,4103,65.191127,31.184393,53.633119,23.468951,74.410774,32.560903,6583,3149,7514,3288,10098,14010,51.583832
F1,2017,14113,9813,3764,506,30,0,0,0,0,0,0,-0.74,30.33,13.700217,11.09619,6.469847,41.858919,0.472244,9.380001,-0.067687,2.418625,5.318544,4.690001,5.10381,13.700217,3.693739,-0.058003,0.311747,0.269612,-0.015703,0.084399,0.01,2.39,4.661999,8.22,9.4,10.34,11.82,13.43,15.44,17.754004,18.780001,19.93,21.84,23.924004,27.057598,0.464764,15.15097,16.227795,1,190,27.120102,7,16.0849,258.724024,0.593099,24,0.478497,3.176299,13.294671,27.120102,9.132961,0.811919,0.54643,0.33676,0.0889,0.05983,2,5,7,11,14,16,21,26,31,35,38,41.599609,49,56,66,27.636808,19.712322,28.350148,2712,2782,62.111485,78.30429,48.196698,65.03224,69.316213,93.528992,6095,7684,6802,9178,9813,14113,49.56811
F2,2017,14071,10098,3454,493,26,0,0,0,0,0,0,-0.62,31.709999,13.098109,12.209365,6.473179,41.90204,0.494207,10.175,-0.096569,2.203836,5.376917,5.099999,5.090634,13.098109,3.713528,-0.090604,0.220775,0.283516,-0.024398,0.059451,-0.01,1.865,4.13,7.05,8.36,9.63,11.42,12.96,14.99,17.24,18.535,19.73,21.440001,23.040001,25.030001,0.424315,14.610254,15.696518,1,85,28.252718,5,16.243854,263.862781,0.574948,24,0.328197,2.465726,13.406109,28.252718,9.25807,0.583611,0.609416,0.327688,0.063038,0.065825,2,5,7,12,15,18,23,28,32,37,39,42,50,57,67,25.262428,18.534575,25.826896,2551,2608,59.972272,66.062587,49.079667,54.94279,68.38978,76.559715,6056,6671,6906,7731,10098,14071,51.265
F3,2017,14098,10039,3501,526,32,0,0,0,0,0,0,-0.44,37.919998,15.713467,19.653332,7.758127,60.188528,0.493725,10.889999,0.015447,2.635051,6.354905,5.42,5.576667,15.713467,4.403267,-0.091029,0.420885,0.280222,-0.020673,0.095585,0.0397,2.3,4.836999,8.67,10.26,11.531001,13.81,16.02,18.65,20.18,21.15,22.255997,24.860001,27.824511,34.42363,0.421102,17.524192,18.874685,1,88,27.312598,30,15.887465,252.411533,0.58169,24,0.362944,2.474703,13.097907,27.312598,9.047512,0.657638,0.598886,0.331258,0.072687,0.066193,2,4,6,11,14,17,22,27,31,35,38,41,49,56,65,40.701265,31.132075,43.719494,4086,4389,64.199621,44.068134,51.177472,33.770748,71.869708,47.425042,6445,4424,7215,4761,10039,14098,44.604077
F4,2017,13620,9898,3252,444,26,0,0,0,0,0,0,-0.8,32.970001,14.786385,16.889048,7.565414,57.235488,0.511647,10.429999,-0.037807,2.436311,6.182394,5.105,5.199049,14.786385,4.309285,-0.098889,0.41198,0.291436,-0.022948,0.095603,-0.01,1.68,3.74,7.55,9.39,10.69,13.29,15.655,17.24,18.950001,19.82,20.860001,24.4,27.680498,31.678097,0.461545,16.609289,17.92065,1,87,28.008664,26.936508,15.914475,253.270503,0.568198,24,0.381739,2.510593,13.070379,28.008664,9.057806,0.703088,0.651147,0.323393,0.077622,0.071888,2,5,7,12,15,18,23,27,31,36,39,42,50,56,66,29.450394,23.898678,32.885431,2915,3255,64.194787,51.505355,53.876652,42.371512,74.136189,58.304708,6354,5098,7338,5771,9898,13620,45.665917
K4,2017,13786,9951,3290,520,25,0,0,0,0,0,0,-1.01,32,12.172231,0.037937,7.794741,60.757986,0.640371,12.82,0.004071,1.983046,6.739276,6.280001,13.122064,12.172231,4.47684,-0.035726,0.082492,0.367791,-0.00798,0.018426,-0.21,0.03,0.52,4.08,5.6,7.03,9.39,13.16,15.26,17.35,18.42,19.59,21.66,24.084999,28.661503,0.399341,14.453954,15.905591,1,109,34.522487,4.428571,20.902696,436.922708,0.605481,32,0.451266,2.610214,17.241869,34.522487,11.865388,1.077623,0.779754,0.3437,0.090821,0.065717,2,5,8,13,17,21,27,33,39,45,49,53,63,72,87,24.198573,17.989264,24.922118,2408,2480,66.043614,97.658527,52.894241,94.9514,73.279067,131.544568,6572,9718,7292,13090,9951,13786,41.472346
L1,2017,13818,10105,3082,582,49,0,0,0,0,0,0,-0.7,29.17,16.644858,18.739206,7.588618,57.587121,0.455914,8.76,-0.862352,2.789401,6.037779,4.07,4.050795,16.644858,4.153983,-0.880663,0.467909,0.249566,-0.212005,0.112641,-0.13,0.37,2.99,10.54,13.27,14.92,17.120001,18.67,19.92,21.24,22.030001,22.9,24.950001,26.120001,27.559999,0.580678,18.293011,19.229017,1,93,30.874584,6.84127,18.18681,330.760053,0.589054,28,0.350536,2.421413,15.090678,30.874584,10.371171,0.746268,0.600349,0.335913,0.071956,0.057886,2,5,7,12,15,19,25,30,35,40,43,47,56,63,74,51.56853,39.253148,53.676398,5211,5424,79.238001,64.285007,62.346215,49.45723,85.254824,67.629886,8007,6496,8615,6834,10105,13818,59.384388
L2,2017,13773,10023,3158,546,46,0,0,0,0,0,0,-0.74,26.559999,13.174626,19.193333,6.973554,48.630462,0.529317,10.68,-0.54054,2.134349,5.873151,4.48,4.453333,13.174626,3.927616,-0.591592,0.169695,0.29812,-0.150624,0.043206,-0.1,0.3,1.232,5.73,8,10.14,13.1,15.04,16.48,17.950001,18.68,19.360001,21,22.299999,24.195606,0.509693,14.906298,15.907478,1,93,30.571117,34.587302,17.575334,308.892361,0.5749,27,0.329684,2.373477,14.607705,30.571117,10.033127,0.691908,0.586777,0.32819,0.068962,0.058484,2,5,7,13,16,19,25,30,35,40,43,46,55,62,72,21.061558,15.479561,21.271077,2111,2132,75.246932,29.063155,59.703768,21.418718,82.041305,29.432306,7542,2913,8223,2950,10023,13773,53.438851
L3,2017,13539,10020,2878,595,46,0,0,0,0,0,0,-0.75,31.200001,18.511777,24.607143,7.745369,59.990735,0.418402,9.299999,-1.046209,3.190591,6.097641,4.25,4.207144,18.511777,4.174644,-1.061356,0.491743,0.225513,-0.254239,0.117793,-0.11,0.48,4.908,12.8,15.09,16.784,18.969999,20.58,22.187998,23.700001,24.389999,24.969999,26.309999,27.120001,28.83,0.602873,20.066694,20.945429,1,86,29.238053,34.730159,16.962917,287.740564,0.580166,26,0.361738,2.498892,13.934867,29.238053,9.655094,0.68795,0.695786,0.330224,0.071253,0.072064,2,5,7,12,15,18,24,29,33,38,41,44,53,60,70,68.203593,53.7115,72.57485,6834,7272,77.53493,31.227545,62.596942,23.310437,84.580838,31.497006,7769,3129,8475,3156,10020,13539,63.199029
L4,2017,13697,9859,3211,571,56,0,0,0,0,0,0,-0.61,35.389999,17.256538,20.532857,8.644686,74.730592,0.500951,12.54,-0.389624,2.264413,7.185927,6.059999,5.952857,17.256538,4.917587,-0.499424,0.327565,0.284969,-0.101559,0.066611,-0.08,0.64,3.716,9.01,11.39,13.11,15.97,18.809999,20.67,22.832003,23.93,25.219999,27.674004,29.35,32.952003,0.496293,19.300602,20.610812,1,104,29.189604,5.904762,17.286829,298.834448,0.592226,26,0.460325,2.634354,14.213118,29.189604,9.807097,0.910275,0.688357,0.335979,0.092818,0.07019,2,5,7,12,15,18,23,28,33,38,41,44,53,60,72,54.853433,43.812514,60.868242,5408,6001,68.445076,51.272949,56.056071,40.789954,77.878081,56.669033,6748,5055,7678,5587,9859,13697,51.343367
M1,2017,14217,10019,3605,556,37,0,0,0,0,0,0,-0.6,26.870001,12.4073,-0.163968,7.15172,51.147102,0.576412,11.780001,-0.228306,1.935527,6.109303,5.51,13.833968,12.4073,4.101011,-0.269196,0.098895,0.330532,-0.065641,0.024115,-0.09,0.31,1.41,4.59,6.16,8.01,11.263999,13.67,15.42,17.040001,17.940001,19.08,21.43,22.709999,25.219999,0.473509,14.320775,15.508691,1,93,25.948231,6.84127,15.713454,246.912626,0.605569,23,0.536295,2.669631,12.956896,25.948231,8.889336,1.017718,0.605031,0.34258,0.114487,0.068063,2,5,7,11,13,15,20,24,29,34,36,40,48,55,66,22.567122,16.262221,23.076155,2261,2312,71.114882,99.940114,55.658718,99.472463,78.979938,141.151812,7125,10013,7913,14142,10019,14217,48.187503
